{
  "hash": "efbb9382",
  "configHash": "58e95040",
  "lockfileHash": "6b9937d0",
  "browserHash": "4dc441e7",
  "optimized": {
    "@angular/core": {
      "src": "../../../../../../node_modules/@angular/core/fesm2022/core.mjs",
      "file": "@angular_core.js",
      "fileHash": "ee86952d",
      "needsInterop": false
    },
    "@angular/platform-browser": {
      "src": "../../../../../../node_modules/@angular/platform-browser/fesm2022/platform-browser.mjs",
      "file": "@angular_platform-browser.js",
      "fileHash": "40eccd81",
      "needsInterop": false
    },
    "@angular/router": {
      "src": "../../../../../../node_modules/@angular/router/fesm2022/router.mjs",
      "file": "@angular_router.js",
      "fileHash": "16c4a2b0",
      "needsInterop": false
    }
  },
  "chunks": {
    "chunk-XIFSGALC": {
      "file": "chunk-XIFSGALC.js"
    },
    "chunk-Q3WVEZNI": {
      "file": "chunk-Q3WVEZNI.js"
    }
  }
}